Tur;Kalem;Adet;Toplam kutle (g)
Baglanti;M2x8 PT vida (plastik icin);4;1.4
Baglanti;M3 DIN 125 pul;4;0.5
Baglanti;M3 isil gomme somun;20;9.3
Baglanti;M3x10 DIN 912;4;4.2
Baglanti;M3x5 horn vidasi (servo ile);2;1.5
Baglanti;M3x6 ISO 7380;4;2.5
Baglanti;M3x8 DIN 912;16;14.8
Baglanti;M3x8 ISO 7380;4;3.0
Baglanti;M4 DIN 985 kontra somun;4;4.7
Baglanti;M4x16 DIN 912;4;10.6
Baglanti;M5 DIN 125 pul;1;0.4
Baglanti;M5 isil gomme somun;1;1.1
Baglanti;M5x12 DIN 912;1;3.8
Baglanti;M6 DIN 125 pul;2;2.0
Baglanti;M6 cekic somun (kanal 10);2;10.3
Baglanti;M6x20 DIN 912;2;15.1
Baski;Arka kafa kabugu;1;270.6
Baski;Boyun mili;1;38.8
Baski;Egme catali;1;33.8
Baski;Kafa iskeleti;1;110.4
Baski;Rulman yuvasi;1;25.6
Baski;Servo yuvasi;1;144.3
Baski;Yuz kabugu (on);1;170.1
Imalat;Boyun plakasi 3 mm Al (lazer/su jeti);1;42.9
Imalat;Vizor 3 mm siyah akrilik 190x115 (lazer);1;28.0
Satin;25T aluminyum disk horn;2;7.7
Satin;625ZZ rulman 5x16x5;1;2.8
Satin;6808-2RS rulman 40x52x7;2;27.8
Satin;MG996R servo;2;110.0
Satin;Raspberry Pi Camera Module 3;1;4.0
Satin;Waveshare 7in HDMI LCD (C) 1024x600;1;230.0
