Tur;Kalem;Adet (sag kol);Adet (iki kol);Toplam kutle sag (g)
Baglanti;M3 DIN 125 pul;4;8;0.5
Baglanti;M3 DIN 985 kontra somun;2;4;1.2
Baglanti;M3 isil gomme somun;2;4;0.9
Baglanti;M3x20 DIN 912;2;4;3.2
Baglanti;M3x5 horn vidasi (servo ile);2;4;1.5
Baglanti;M3x6 ISO 7380;2;4;1.3
Baglanti;M3x8 DIN 912;8;16;7.4
Baglanti;M4 DIN 985 kontra somun;8;16;9.4
Baglanti;M4x16 DIN 912;8;16;21.1
Baglanti;M5 DIN 125 pul;1;2;0.4
Baglanti;M5 isil gomme somun;1;2;1.1
Baglanti;M5x12 DIN 912;1;2;3.8
Baski;Bilek flansi;1;2;4.0
Baski;Dirsek catali;1;2;89.4
Baski;El;1;2;60.8
Baski;On kol govdesi;1;2;42.1
Satin;25T aluminyum disk horn;2;4;7.7
Satin;625ZZ rulman 5x16x5;1;2;2.8
Satin;MG996R servo;2;4;110.0
